ID,Income,Age,ElecSpend_Annual,Ed_Coded,Gender_male
3,2.156535524445722,1.0464053728389786,1.999335764434217,0.3533676673236149,0.9043050667548768
6,-0.3872460593551938,1.3763486672184997,-0.7986543797531231,0.3533676673236149,-1.1058215161710052
7,-0.1988177938884593,0.8264431765859644,-0.5748151682181359,-0.7270438212750235,0.9043050667548768
8,-0.5756743248219283,-0.9332543934381486,-0.2950161537994019,-0.7270438212750235,0.9043050667548768
9,2.0623213917123544,0.7164620784594574,2.558933793271685,-0.7270438212750235,0.9043050667548768
10,-0.481460192088561,0.6614715293962038,-0.6867347739856295,-0.7270438212750235,-1.1058215161710052
11,-0.5756743248219283,-1.2082071387544162,0.5443808894568001,2.514190644520892,-1.1058215161710052
13,2.721820320845925,1.816273059724528,1.3837779327130022,0.3533676673236149,0.9043050667548768
14,-0.7641025902886628,-0.6033110990586275,-0.6867347739856295,-0.7270438212750235,-1.1058215161710052
15,-0.7641025902886628,0.7714526275227109,-0.7986543797531231,-0.7270438212750235,0.9043050667548768
16,-0.1988177938884593,0.3865187840799362,-0.7986543797531231,-0.7270438212750235,-1.1058215161710052
17,-0.3872460593551938,0.6064809803329503,-0.6867347739856295,0.3533676673236149,0.9043050667548768
18,-0.6698884575552955,-0.9332543934381486,-0.7986543797531231,-0.7270438212750235,-1.1058215161710052
19,-0.5756743248219283,-1.2082071387544162,-0.2390563509156551,2.514190644520892,-1.1058215161710052
20,-0.6698884575552955,0.6064809803329503,-0.6307749711018827,-0.7270438212750235,-1.1058215161710052
22,-0.3872460593551938,0.0015849406371614319,-0.6867347739856295,-0.7270438212750235,0.9043050667548768
25,-0.85831672302203,-1.2082071387544162,0.15266226927057253,0.3533676673236149,0.9043050667548768
26,-0.6698884575552955,1.486329765345007,-0.5748151682181359,-0.7270438212750235,0.9043050667548768
27,-0.010389528421724812,1.5413203144082603,-0.7986543797531231,-0.7270438212750235,0.9043050667548768
28,-0.6698884575552955,-0.768282746248388,-0.6307749711018827,-0.7270438212750235,0.9043050667548768
30,-0.9525308557553972,-0.658301648121881,-0.7426945768693763,-0.7270438212750235,-1.1058215161710052
31,1.9681072589789872,-0.0534056084260921,2.167215173085457,0.3533676673236149,-1.1058215161710052
32,-0.29303192662182653,1.101395921902232,-0.5188553653343891,-0.7270438212750235,-1.1058215161710052
33,-0.1988177938884593,1.2113770200287393,-0.5748151682181359,0.3533676673236149,0.9043050667548768
34,-0.481460192088561,-0.16338670655259918,-0.9105739855206167,-0.7270438212750235,-1.1058215161710052
37,-1.0467449884887645,0.7714526275227109,-0.85461418263687,-0.7270438212750235,0.9043050667548768
38,-0.6698884575552955,-1.2631976878176698,-0.6307749711018827,-0.7270438212750235,-1.1058215161710052
39,-0.5756743248219283,-1.4831598840706839,0.09670246638682571,2.514190644520892,0.9043050667548768
40,-0.010389528421724812,1.0464053728389786,-0.4628955624506423,-0.7270438212750235,0.9043050667548768
41,-0.481460192088561,-1.4831598840706839,0.20862207215431933,1.4337791559222532,-1.1058215161710052
42,1.7796789935122528,-0.2183772556158527,0.8801397067592809,0.3533676673236149,-1.1058215161710052
43,-1.0467449884887645,-0.0534056084260921,-0.5188553653343891,-0.7270438212750235,-1.1058215161710052
44,-0.29303192662182653,1.2113770200287393,-0.85461418263687,-0.7270438212750235,-1.1058215161710052
45,-0.85831672302203,-0.49333000093212037,-0.9105739855206167,-0.7270438212750235,-1.1058215161710052
46,-0.1988177938884593,-0.3833489028056133,-0.4628955624506423,-0.7270438212750235,0.9043050667548768
47,2.250749657179089,0.881433725649218,-0.1271367451481615,0.3533676673236149,-1.1058215161710052
48,1.2143941971120493,-1.3731787859441769,1.2718583269455086,0.3533676673236149,0.9043050667548768
49,-0.6698884575552955,-0.9882449425014022,0.37650148080555973,0.3533676673236149,-1.1058215161710052
50,-0.6698884575552955,0.7714526275227109,-0.5188553653343891,-0.7270438212750235,0.9043050667548768
51,-0.85831672302203,-0.6033110990586275,-0.7986543797531231,-0.7270438212750235,0.9043050667548768
52,-0.6698884575552955,0.6064809803329503,-0.5188553653343891,-0.7270438212750235,0.9043050667548768
53,-0.3872460593551938,1.2663675690919927,-0.6867347739856295,-0.7270438212750235,0.9043050667548768
54,-0.1988177938884593,-1.4831598840706839,0.20862207215431933,-0.7270438212750235,0.9043050667548768
55,-0.3872460593551938,-0.10839615748934564,-0.5188553653343891,0.3533676673236149,-1.1058215161710052
56,0.08382460431164243,0.49649988220644325,-0.7426945768693763,1.4337791559222532,-1.1058215161710052
57,-0.5756743248219283,-0.9882449425014022,-0.5188553653343891,-0.7270438212750235,0.9043050667548768
58,-0.7641025902886628,-0.768282746248388,-0.4628955624506423,0.3533676673236149,-1.1058215161710052
60,0.9317517989119476,-1.3731787859441769,1.7754965528992297,1.4337791559222532,0.9043050667548768
61,-0.5756743248219283,0.22154713689017558,-0.85461418263687,-0.7270438212750235,-1.1058215161710052
64,-0.85831672302203,-1.2082071387544162,-0.85461418263687,-0.7270438212750235,-1.1058215161710052
65,-0.7641025902886628,-1.2082071387544162,-0.07117694226441469,0.3533676673236149,0.9043050667548768
66,-0.10460366115509205,-1.3181882368809235,0.32054167792181293,1.4337791559222532,0.9043050667548768
67,-0.6698884575552955,-1.0432354915646558,0.43246128368930653,-0.7270438212750235,-1.1058215161710052
68,-0.29303192662182653,1.486329765345007,-0.9105739855206167,2.514190644520892,0.9043050667548768
69,-0.6698884575552955,0.05657548970041497,-1.0224935912881103,-0.7270438212750235,-1.1058215161710052
70,-0.6698884575552955,0.7714526275227109,-0.4069357595668955,-0.7270438212750235,0.9043050667548768
71,-0.5756743248219283,0.881433725649218,-0.5748151682181359,0.3533676673236149,0.9043050667548768
72,-0.3872460593551938,-0.9332543934381486,-0.5188553653343891,-0.7270438212750235,-1.1058215161710052
73,1.6854648607788856,0.991414823775725,2.782773004806672,-0.7270438212750235,-1.1058215161710052
74,-0.481460192088561,0.9364242747124715,-0.3509759566831487,-0.7270438212750235,0.9043050667548768
77,1.87389312624562,1.1563864709654856,1.2158985240617617,0.3533676673236149,0.9043050667548768
78,-0.9525308557553972,-0.3283583537423598,-0.5748151682181359,-0.7270438212750235,0.9043050667548768
79,2.721820320845925,1.816273059724528,1.7754965528992297,0.3533676673236149,0.9043050667548768
80,-0.29303192662182653,-1.5381504331339375,0.32054167792181293,0.3533676673236149,-1.1058215161710052
81,-0.3872460593551938,0.9364242747124715,-0.85461418263687,-0.7270438212750235,0.9043050667548768
82,-0.6698884575552955,1.816273059724528,-0.4069357595668955,-0.7270438212750235,0.9043050667548768
83,-0.1988177938884593,-0.3833489028056133,-0.6307749711018827,-0.7270438212750235,0.9043050667548768
84,1.3086083298454165,-0.768282746248388,1.7754965528992297,0.3533676673236149,-1.1058215161710052
85,-0.481460192088561,-0.8782638443748951,-0.6867347739856295,-0.7270438212750235,-1.1058215161710052
86,-0.3872460593551938,-0.658301648121881,-0.6867347739856295,1.4337791559222532,-1.1058215161710052
88,-0.6698884575552955,-0.8232732953116416,-0.6867347739856295,-0.7270438212750235,0.9043050667548768
89,-0.481460192088561,-0.3283583537423598,-0.4069357595668955,-0.7270438212750235,-1.1058215161710052
90,-0.7641025902886628,1.0464053728389786,-0.5748151682181359,-0.7270438212750235,-1.1058215161710052
92,-0.85831672302203,0.16655658782692204,-0.5188553653343891,-0.7270438212750235,0.9043050667548768
93,-0.29303192662182653,0.49649988220644325,-0.6307749711018827,-0.7270438212750235,0.9043050667548768
94,-0.010389528421724812,-1.1532165896911628,0.32054167792181293,2.514190644520892,-1.1058215161710052
95,1.7796789935122528,-0.2183772556158527,2.6148935961554316,2.514190644520892,0.9043050667548768
98,-0.5756743248219283,-1.1532165896911628,0.09670246638682571,-0.7270438212750235,0.9043050667548768
99,-0.481460192088561,0.6064809803329503,-0.4628955624506423,-0.7270438212750235,0.9043050667548768
101,1.9681072589789872,0.8264431765859644,1.3837779327130022,0.3533676673236149,0.9043050667548768
103,1.87389312624562,0.0015849406371614319,2.055295567317964,-0.7270438212750235,0.9043050667548768
104,-0.7641025902886628,0.6064809803329503,-0.3509759566831487,-0.7270438212750235,-1.1058215161710052
105,-0.481460192088561,0.5514904312696968,-0.4628955624506423,-0.7270438212750235,0.9043050667548768
106,-0.6698884575552955,0.2765376859534291,-0.5748151682181359,-0.7270438212750235,0.9043050667548768
107,-0.481460192088561,-1.0432354915646558,-0.9105739855206167,0.3533676673236149,-1.1058215161710052
108,-0.29303192662182653,0.4415093331431897,-0.85461418263687,-0.7270438212750235,0.9043050667548768
109,1.7796789935122528,-0.10839615748934564,1.6076171442479894,0.3533676673236149,0.9043050667548768
110,-0.7641025902886628,0.881433725649218,-0.5748151682181359,-0.7270438212750235,-1.1058215161710052
111,-0.3872460593551938,-1.2082071387544162,-0.6307749711018827,-0.7270438212750235,0.9043050667548768
112,1.7796789935122528,-1.3181882368809235,2.167215173085457,0.3533676673236149,0.9043050667548768
113,-0.7641025902886628,0.881433725649218,-0.4628955624506423,-0.7270438212750235,-1.1058215161710052
114,-0.1988177938884593,-0.8232732953116416,-0.7426945768693763,0.3533676673236149,0.9043050667548768
115,-0.29303192662182653,1.4313392162817533,-0.5748151682181359,-0.7270438212750235,0.9043050667548768
118,1.87389312624562,1.101395921902232,0.7122602981080405,2.514190644520892,-1.1058215161710052
119,-0.5756743248219283,-0.16338670655259918,-0.5748151682181359,-0.7270438212750235,0.9043050667548768
120,-0.6698884575552955,-0.27336780467910626,-0.6867347739856295,-0.7270438212750235,-1.1058215161710052
121,-0.3872460593551938,-1.2631976878176698,-0.2390563509156551,1.4337791559222532,-1.1058215161710052
122,-0.29303192662182653,0.05657548970041497,-0.5748151682181359,-0.7270438212750235,0.9043050667548768
123,-0.1988177938884593,-0.9882449425014022,0.09670246638682571,2.514190644520892,-1.1058215161710052
125,-0.29303192662182653,1.2663675690919927,-0.6307749711018827,-0.7270438212750235,-1.1058215161710052
126,1.87389312624562,-0.0534056084260921,1.2158985240617617,0.3533676673236149,0.9043050667548768
128,-0.10460366115509205,1.101395921902232,-0.6867347739856295,-0.7270438212750235,0.9043050667548768
129,-0.85831672302203,1.3763486672184997,-0.6867347739856295,-0.7270438212750235,-1.1058215161710052
130,-0.481460192088561,1.706291961598021,-0.4628955624506423,-0.7270438212750235,0.9043050667548768
131,-0.29303192662182653,0.8264431765859644,-0.9105739855206167,-0.7270438212750235,-1.1058215161710052
132,-0.1988177938884593,-1.2082071387544162,0.15266226927057253,-0.7270438212750235,-1.1058215161710052
133,-0.5756743248219283,0.6064809803329503,-0.6867347739856295,-0.7270438212750235,0.9043050667548768
134,1.6854648607788856,-0.43833945186886686,2.167215173085457,0.3533676673236149,0.9043050667548768
135,-0.85831672302203,1.816273059724528,-0.5188553653343891,-0.7270438212750235,0.9043050667548768
137,-1.0467449884887645,-0.3283583537423598,-0.7986543797531231,-0.7270438212750235,-1.1058215161710052
139,1.3086083298454165,-1.3731787859441769,1.2718583269455086,-0.7270438212750235,0.9043050667548768
142,-0.481460192088561,-0.768282746248388,-0.6867347739856295,-0.7270438212750235,-1.1058215161710052
143,-0.3872460593551938,0.9364242747124715,-0.6867347739856295,-0.7270438212750235,-1.1058215161710052
145,-0.10460366115509205,0.991414823775725,-0.3509759566831487,-0.7270438212750235,0.9043050667548768
146,-0.29303192662182653,-1.0432354915646558,0.5443808894568001,2.514190644520892,0.9043050667548768
147,1.5912507280455184,-0.5483205499953739,2.055295567317964,0.3533676673236149,-1.1058215161710052
148,1.7796789935122528,-0.2183772556158527,1.3278181298292553,0.3533676673236149,0.9043050667548768
149,-0.7641025902886628,1.6513014125347674,-0.6307749711018827,-0.7270438212750235,-1.1058215161710052
150,-0.3872460593551938,0.0015849406371614319,-0.85461418263687,-0.7270438212750235,-1.1058215161710052
151,-0.10460366115509205,1.101395921902232,-0.5748151682181359,-0.7270438212750235,0.9043050667548768
152,1.9681072589789872,0.4415093331431897,1.4956975384804958,0.3533676673236149,0.9043050667548768
155,1.87389312624562,0.1115660387636685,1.0480191154105214,0.3533676673236149,0.9043050667548768
156,-0.5756743248219283,-1.5381504331339375,0.32054167792181293,2.514190644520892,-1.1058215161710052
157,-0.5756743248219283,-1.5931409821971911,0.43246128368930653,-0.7270438212750235,-1.1058215161710052
159,1.2143941971120493,-1.3731787859441769,1.439737735596749,0.3533676673236149,0.9043050667548768
160,-0.5756743248219283,1.3763486672184997,-0.4628955624506423,-0.7270438212750235,-1.1058215161710052
161,1.87389312624562,1.6513014125347674,2.447014187504191,-0.7270438212750235,-1.1058215161710052
162,-0.5756743248219283,1.706291961598021,-0.7986543797531231,-0.7270438212750235,-1.1058215161710052
163,-0.29303192662182653,-1.3181882368809235,-0.6307749711018827,-0.7270438212750235,-1.1058215161710052
164,-0.3872460593551938,1.0464053728389786,-0.7986543797531231,-0.7270438212750235,0.9043050667548768
165,-0.7641025902886628,0.8264431765859644,-0.6867347739856295,-0.7270438212750235,0.9043050667548768
166,2.0623213917123544,-0.10839615748934564,2.838732807690419,-0.7270438212750235,-1.1058215161710052
169,-0.5756743248219283,1.3213581181552463,-0.7426945768693763,-0.7270438212750235,0.9043050667548768
172,1.7796789935122528,-0.10839615748934564,1.663576947131736,-0.7270438212750235,0.9043050667548768
173,1.87389312624562,0.16655658782692204,1.4956975384804958,0.3533676673236149,0.9043050667548768
174,-0.5756743248219283,-1.4281693350074305,0.5443808894568001,0.3533676673236149,0.9043050667548768
175,-0.5756743248219283,-0.5483205499953739,-0.9105739855206167,0.3533676673236149,-1.1058215161710052
176,-0.3872460593551938,0.7714526275227109,-0.85461418263687,-0.7270438212750235,0.9043050667548768
178,-0.6698884575552955,0.16655658782692204,-0.5188553653343891,-0.7270438212750235,0.9043050667548768
180,-0.481460192088561,-0.9882449425014022,0.37650148080555973,2.514190644520892,0.9043050667548768
181,-0.29303192662182653,1.101395921902232,-0.4628955624506423,-0.7270438212750235,-1.1058215161710052
182,-0.85831672302203,0.0015849406371614319,-0.4628955624506423,1.4337791559222532,-1.1058215161710052
184,0.08382460431164243,0.3865187840799362,-0.9105739855206167,-0.7270438212750235,-1.1058215161710052
185,0.08382460431164243,-1.0982260406279092,0.09670246638682571,-0.7270438212750235,0.9043050667548768
186,-0.3872460593551938,1.2663675690919927,-0.7986543797531231,-0.7270438212750235,-1.1058215161710052
187,0.17803873704500967,0.1115660387636685,-0.6867347739856295,0.3533676673236149,0.9043050667548768
188,1.4028224625787837,-0.9332543934381486,1.103978918294268,0.3533676673236149,0.9043050667548768
189,2.0623213917123544,0.7714526275227109,2.167215173085457,0.3533676673236149,0.9043050667548768
190,-0.29303192662182653,0.8264431765859644,-0.2950161537994019,0.3533676673236149,-1.1058215161710052
191,-0.5756743248219283,-1.2082071387544162,0.2645818750380661,1.4337791559222532,-1.1058215161710052
193,-0.481460192088561,-1.2631976878176698,0.20862207215431933,2.514190644520892,-1.1058215161710052
194,-0.7641025902886628,-1.5381504331339375,-0.07117694226441469,1.4337791559222532,-1.1058215161710052
195,-0.7641025902886628,1.2663675690919927,-0.6307749711018827,-0.7270438212750235,-1.1058215161710052
196,-0.29303192662182653,1.0464053728389786,-0.7426945768693763,-0.7270438212750235,0.9043050667548768
197,-0.9525308557553972,0.2765376859534291,-0.4628955624506423,-0.7270438212750235,-1.1058215161710052
198,2.156535524445722,0.991414823775725,1.4956975384804958,1.4337791559222532,0.9043050667548768
200,-0.10460366115509205,1.101395921902232,-0.85461418263687,-0.7270438212750235,-1.1058215161710052
202,-0.29303192662182653,0.16655658782692204,-0.5188553653343891,-0.7270438212750235,0.9043050667548768
203,-0.9525308557553972,0.881433725649218,-0.4069357595668955,-0.7270438212750235,-1.1058215161710052
204,1.87389312624562,0.16655658782692204,1.6076171442479894,1.4337791559222532,0.9043050667548768
205,1.5912507280455184,-0.5483205499953739,0.2645818750380661,0.3533676673236149,-1.1058215161710052
206,-0.6698884575552955,1.101395921902232,-0.5748151682181359,-0.7270438212750235,-1.1058215161710052
207,-0.5756743248219283,0.9364242747124715,-0.7986543797531231,-0.7270438212750235,0.9043050667548768
208,0.9317517989119476,-1.2631976878176698,2.055295567317964,1.4337791559222532,0.9043050667548768
209,-0.7641025902886628,1.486329765345007,-0.3509759566831487,-0.7270438212750235,0.9043050667548768
210,-0.85831672302203,1.486329765345007,-0.6867347739856295,-0.7270438212750235,0.9043050667548768
211,-0.6698884575552955,-1.5381504331339375,0.6003406923405469,2.514190644520892,0.9043050667548768
212,-0.7641025902886628,-0.49333000093212037,-0.6867347739856295,-0.7270438212750235,-1.1058215161710052
213,-0.3872460593551938,1.101395921902232,-0.7426945768693763,-0.7270438212750235,0.9043050667548768
214,-0.9525308557553972,-0.768282746248388,-0.5188553653343891,0.3533676673236149,0.9043050667548768
215,-0.6698884575552955,1.5413203144082603,-0.3509759566831487,-0.7270438212750235,0.9043050667548768
217,-0.6698884575552955,-1.0982260406279092,-0.6867347739856295,-0.7270438212750235,-1.1058215161710052
218,1.4970365953121512,0.5514904312696968,0.8241799038755341,0.3533676673236149,-1.1058215161710052
219,-0.29303192662182653,1.2663675690919927,-0.85461418263687,-0.7270438212750235,-1.1058215161710052
220,-0.010389528421724812,-1.1532165896911628,0.2645818750380661,2.514190644520892,0.9043050667548768
221,1.87389312624562,-0.3833489028056133,1.0480191154105214,0.3533676673236149,-1.1058215161710052
222,-0.7641025902886628,1.2113770200287393,-0.5748151682181359,-0.7270438212750235,0.9043050667548768
223,-0.6698884575552955,-0.16338670655259918,-0.4628955624506423,-0.7270438212750235,-1.1058215161710052
224,-0.1988177938884593,0.33152823501668266,-0.7426945768693763,-0.7270438212750235,-1.1058215161710052
225,2.156535524445722,1.101395921902232,2.558933793271685,1.4337791559222532,0.9043050667548768
226,-0.10460366115509205,-0.7132921971851345,-0.7986543797531231,0.3533676673236149,-1.1058215161710052
228,-0.1988177938884593,-1.5931409821971911,0.04074266350307891,-0.7270438212750235,-1.1058215161710052
231,-0.85831672302203,-1.3731787859441769,0.20862207215431933,0.3533676673236149,0.9043050667548768
232,-0.1988177938884593,1.596310863471514,-0.85461418263687,-0.7270438212750235,0.9043050667548768
235,-0.5756743248219283,-1.3181882368809235,-0.4069357595668955,-0.7270438212750235,-1.1058215161710052
238,-0.10460366115509205,-0.9332543934381486,0.20862207215431933,1.4337791559222532,-1.1058215161710052
239,-0.1988177938884593,0.16655658782692204,-0.6307749711018827,-0.7270438212750235,0.9043050667548768
241,-0.010389528421724812,-0.8232732953116416,-0.6867347739856295,-0.7270438212750235,0.9043050667548768
242,-0.5756743248219283,0.22154713689017558,-0.4069357595668955,-0.7270438212750235,-1.1058215161710052
243,1.87389312624562,-1.3181882368809235,1.8314563557829766,0.3533676673236149,-1.1058215161710052
244,1.9681072589789872,0.49649988220644325,2.3910543846204444,0.3533676673236149,0.9043050667548768
245,2.0623213917123544,1.1563864709654856,2.1112553702017105,0.3533676673236149,0.9043050667548768
246,-1.0467449884887645,0.22154713689017558,-0.5748151682181359,-0.7270438212750235,-1.1058215161710052
247,1.87389312624562,-0.49333000093212037,0.5443808894568001,1.4337791559222532,-1.1058215161710052
248,-0.85831672302203,-0.49333000093212037,-0.6307749711018827,-0.7270438212750235,-1.1058215161710052
250,-0.85831672302203,-0.8782638443748951,-0.5748151682181359,-0.7270438212750235,-1.1058215161710052
251,-0.10460366115509205,-0.9882449425014022,0.32054167792181293,0.3533676673236149,-1.1058215161710052
253,-0.5756743248219283,0.22154713689017558,-0.7986543797531231,-0.7270438212750235,-1.1058215161710052
254,1.87389312624562,-0.768282746248388,3.0066122163416593,1.4337791559222532,-1.1058215161710052
255,-0.85831672302203,0.6614715293962038,-0.9105739855206167,-0.7270438212750235,-1.1058215161710052
256,-0.1988177938884593,-1.2631976878176698,0.48842108657305333,-0.7270438212750235,0.9043050667548768
257,1.4028224625787837,-1.1532165896911628,2.3910543846204444,0.3533676673236149,0.9043050667548768
258,-0.6698884575552955,1.3763486672184997,-0.4628955624506423,-0.7270438212750235,-1.1058215161710052
260,1.4970365953121512,-0.9332543934381486,2.6708533990391783,-0.7270438212750235,0.9043050667548768
261,1.7796789935122528,0.16655658782692204,0.9920593125267745,2.514190644520892,-1.1058215161710052
262,2.250749657179089,1.2113770200287393,3.1185318221091527,0.3533676673236149,0.9043050667548768
263,-0.481460192088561,0.5514904312696968,-0.5188553653343891,-0.7270438212750235,0.9043050667548768
265,-0.10460366115509205,0.1115660387636685,-0.7986543797531231,-0.7270438212750235,-1.1058215161710052
266,0.08382460431164243,-0.768282746248388,-0.6867347739856295,-0.7270438212750235,0.9043050667548768
268,-1.1409591212221317,-0.10839615748934564,-0.5748151682181359,0.3533676673236149,-1.1058215161710052
269,-0.481460192088561,-1.4281693350074305,-0.015217139380667892,1.4337791559222532,-1.1058215161710052
270,-0.6698884575552955,-0.27336780467910626,-0.6307749711018827,-0.7270438212750235,0.9043050667548768
271,1.87389312624562,0.1115660387636685,1.159938721178015,0.3533676673236149,0.9043050667548768
272,-0.6698884575552955,0.3865187840799362,-0.4628955624506423,0.3533676673236149,-1.1058215161710052
273,-0.5756743248219283,0.7164620784594574,-0.7426945768693763,-0.7270438212750235,-1.1058215161710052
274,-0.481460192088561,-0.7132921971851345,-1.078453394171857,-0.7270438212750235,-1.1058215161710052
277,0.08382460431164243,1.486329765345007,-0.5188553653343891,-0.7270438212750235,-1.1058215161710052
278,-0.9525308557553972,-0.658301648121881,-0.4069357595668955,-0.7270438212750235,-1.1058215161710052
279,-0.5756743248219283,1.596310863471514,-0.2390563509156551,0.3533676673236149,-1.1058215161710052
280,1.9681072589789872,0.49649988220644325,2.3910543846204444,0.3533676673236149,0.9043050667548768
281,-0.481460192088561,-0.27336780467910626,-0.7986543797531231,-0.7270438212750235,-1.1058215161710052
282,-0.481460192088561,1.101395921902232,-0.7426945768693763,-0.7270438212750235,-1.1058215161710052
284,-0.6698884575552955,-0.768282746248388,-0.4628955624506423,-0.7270438212750235,0.9043050667548768
287,-0.1988177938884593,1.596310863471514,-0.7986543797531231,-0.7270438212750235,0.9043050667548768
288,-0.10460366115509205,-0.2183772556158527,-0.5748151682181359,0.3533676673236149,-1.1058215161710052
290,-0.10460366115509205,0.991414823775725,-0.5188553653343891,0.3533676673236149,0.9043050667548768
292,-0.6698884575552955,1.596310863471514,-0.5188553653343891,-0.7270438212750235,0.9043050667548768
293,1.5912507280455184,-0.7132921971851345,2.167215173085457,2.514190644520892,0.9043050667548768
294,1.5912507280455184,-1.2082071387544162,-0.1830965480319083,2.514190644520892,-1.1058215161710052
295,-0.1988177938884593,1.2113770200287393,-0.4628955624506423,-0.7270438212750235,-1.1058215161710052
296,-0.5756743248219283,-1.0982260406279092,0.2645818750380661,-0.7270438212750235,0.9043050667548768
297,-1.0467449884887645,-1.0982260406279092,0.20862207215431933,-0.7270438212750235,-1.1058215161710052
298,-0.6698884575552955,-0.49333000093212037,-0.5188553653343891,-0.7270438212750235,0.9043050667548768
299,-0.5756743248219283,0.991414823775725,-0.6867347739856295,2.514190644520892,0.9043050667548768
300,-0.3872460593551938,-1.5381504331339375,-0.1271367451481615,0.3533676673236149,-1.1058215161710052
301,-0.481460192088561,1.6513014125347674,-0.5188553653343891,-0.7270438212750235,0.9043050667548768
303,-0.7641025902886628,0.49649988220644325,-1.0224935912881103,-0.7270438212750235,-1.1058215161710052
305,1.7796789935122528,-0.3283583537423598,3.34237103364414,1.4337791559222532,0.9043050667548768
306,1.87389312624562,0.7714526275227109,1.3278181298292553,1.4337791559222532,-1.1058215161710052
307,-1.3293873866888661,1.101395921902232,-0.5188553653343891,-0.7270438212750235,0.9043050667548768
308,-0.3872460593551938,0.6064809803329503,-0.2950161537994019,-0.7270438212750235,-1.1058215161710052
309,1.87389312624562,1.3213581181552463,1.2718583269455086,0.3533676673236149,-1.1058215161710052
310,-0.7641025902886628,-1.1532165896911628,0.37650148080555973,0.3533676673236149,-1.1058215161710052
311,-0.010389528421724812,0.1115660387636685,-0.6867347739856295,-0.7270438212750235,0.9043050667548768
313,0.17803873704500967,0.0015849406371614319,-0.4628955624506423,-0.7270438212750235,-1.1058215161710052
314,-0.10460366115509205,-1.0982260406279092,-0.1271367451481615,-0.7270438212750235,-1.1058215161710052
315,-0.6698884575552955,-1.1532165896911628,-0.9665337884043635,-0.7270438212750235,-1.1058215161710052
316,-0.85831672302203,1.3763486672184997,-0.6867347739856295,2.514190644520892,0.9043050667548768
317,-0.6698884575552955,-0.49333000093212037,-0.5188553653343891,-0.7270438212750235,-1.1058215161710052
318,-0.5756743248219283,0.22154713689017558,-0.7986543797531231,-0.7270438212750235,-1.1058215161710052
319,-0.481460192088561,-1.3731787859441769,0.5443808894568001,1.4337791559222532,0.9043050667548768
320,-0.5756743248219283,1.596310863471514,-0.85461418263687,0.3533676673236149,-1.1058215161710052
322,-0.85831672302203,-0.6033110990586275,-0.6307749711018827,-0.7270438212750235,0.9043050667548768
323,1.6854648607788856,-0.16338670655259918,3.062572019225406,0.3533676673236149,-1.1058215161710052
324,-0.10460366115509205,-0.16338670655259918,-0.6307749711018827,1.4337791559222532,-1.1058215161710052
327,-0.6698884575552955,1.7612825106612746,-0.7986543797531231,-0.7270438212750235,0.9043050667548768
328,-0.010389528421724812,-0.10839615748934564,-0.85461418263687,-0.7270438212750235,0.9043050667548768
329,1.2143941971120493,-1.3731787859441769,1.4956975384804958,1.4337791559222532,0.9043050667548768
330,-1.0467449884887645,0.33152823501668266,-0.4628955624506423,-0.7270438212750235,-1.1058215161710052
331,-0.3872460593551938,-1.0432354915646558,0.32054167792181293,-0.7270438212750235,0.9043050667548768
332,-0.85831672302203,0.7164620784594574,-0.6867347739856295,-0.7270438212750235,-1.1058215161710052
333,-0.7641025902886628,0.3865187840799362,-0.5188553653343891,-0.7270438212750235,0.9043050667548768
334,-0.10460366115509205,0.881433725649218,-0.7426945768693763,-0.7270438212750235,0.9043050667548768
335,1.6854648607788856,-0.43833945186886686,0.6003406923405469,0.3533676673236149,-1.1058215161710052
336,-0.29303192662182653,-1.2082071387544162,0.15266226927057253,0.3533676673236149,0.9043050667548768
337,1.9681072589789872,-0.5483205499953739,0.9920593125267745,0.3533676673236149,-1.1058215161710052
338,2.156535524445722,0.9364242747124715,1.439737735596749,-0.7270438212750235,0.9043050667548768
339,0.08382460431164243,0.22154713689017558,-0.4069357595668955,-0.7270438212750235,-1.1058215161710052
341,-0.010389528421724812,-1.1532165896911628,-0.7426945768693763,-0.7270438212750235,-1.1058215161710052
342,-0.481460192088561,-1.2082071387544162,0.37650148080555973,0.3533676673236149,0.9043050667548768
343,2.3449637899124562,1.816273059724528,2.447014187504191,-0.7270438212750235,0.9043050667548768
344,-0.10460366115509205,-0.8232732953116416,-0.5188553653343891,0.3533676673236149,-1.1058215161710052
345,-0.9525308557553972,-0.7132921971851345,-0.7426945768693763,-0.7270438212750235,0.9043050667548768
347,-0.481460192088561,-0.8232732953116416,-0.9105739855206167,-0.7270438212750235,0.9043050667548768
348,-0.481460192088561,0.4415093331431897,-0.5748151682181359,-0.7270438212750235,0.9043050667548768
349,1.7796789935122528,1.3213581181552463,1.7754965528992297,-0.7270438212750235,0.9043050667548768
350,-0.10460366115509205,-1.3181882368809235,0.48842108657305333,-0.7270438212750235,-1.1058215161710052
351,-0.85831672302203,0.7164620784594574,-0.5748151682181359,0.3533676673236149,0.9043050667548768
352,2.156535524445722,0.881433725649218,1.663576947131736,-0.7270438212750235,0.9043050667548768
353,-0.481460192088561,-1.4281693350074305,0.20862207215431933,0.3533676673236149,0.9043050667548768
356,-0.481460192088561,0.2765376859534291,-0.7986543797531231,-0.7270438212750235,0.9043050667548768
357,2.3449637899124562,0.05657548970041497,0.7682201009917873,0.3533676673236149,-1.1058215161710052
358,-0.6698884575552955,1.101395921902232,-0.5748151682181359,-0.7270438212750235,0.9043050667548768
359,-0.6698884575552955,0.6614715293962038,-0.6307749711018827,0.3533676673236149,0.9043050667548768
360,2.5333920553791907,1.816273059724528,2.167215173085457,0.3533676673236149,0.9043050667548768
361,-0.7641025902886628,1.2113770200287393,-0.4628955624506423,-0.7270438212750235,-1.1058215161710052
362,0.9317517989119476,1.0464053728389786,1.4956975384804958,1.4337791559222532,0.9043050667548768
363,-0.5756743248219283,-1.4831598840706839,0.32054167792181293,-0.7270438212750235,0.9043050667548768
364,-0.5756743248219283,1.101395921902232,-0.6307749711018827,-0.7270438212750235,-1.1058215161710052
365,-0.010389528421724812,0.3865187840799362,-0.5188553653343891,-0.7270438212750235,-1.1058215161710052
366,-0.3872460593551938,1.4313392162817533,-0.6307749711018827,-0.7270438212750235,0.9043050667548768
367,-0.6698884575552955,0.1115660387636685,-0.4628955624506423,0.3533676673236149,0.9043050667548768
368,2.4391779226458237,0.05657548970041497,0.9360995096430277,1.4337791559222532,-1.1058215161710052
370,1.6854648607788856,-0.49333000093212037,1.439737735596749,0.3533676673236149,0.9043050667548768
371,-0.3872460593551938,0.881433725649218,-0.7426945768693763,-0.7270438212750235,-1.1058215161710052
372,-0.3872460593551938,-1.2082071387544162,-0.7426945768693763,-0.7270438212750235,-1.1058215161710052
373,-0.1988177938884593,-0.3833489028056133,-0.5188553653343891,-0.7270438212750235,-1.1058215161710052
375,-0.7641025902886628,-1.2631976878176698,-0.6867347739856295,-0.7270438212750235,-1.1058215161710052
376,-0.481460192088561,-1.4281693350074305,0.2645818750380661,1.4337791559222532,-1.1058215161710052
377,-0.481460192088561,-1.4281693350074305,0.37650148080555973,0.3533676673236149,0.9043050667548768
378,-0.9525308557553972,-0.9882449425014022,-0.7426945768693763,0.3533676673236149,0.9043050667548768
379,1.87389312624562,0.05657548970041497,2.3910543846204444,0.3533676673236149,-1.1058215161710052
380,-0.29303192662182653,-1.1532165896911628,-0.015217139380667892,1.4337791559222532,0.9043050667548768
381,-0.85831672302203,-0.3283583537423598,-0.7426945768693763,0.3533676673236149,-1.1058215161710052
382,-0.5756743248219283,0.33152823501668266,-0.7426945768693763,0.3533676673236149,0.9043050667548768
383,-0.3872460593551938,-1.2082071387544162,0.6003406923405469,0.3533676673236149,-1.1058215161710052
384,-0.10460366115509205,-0.768282746248388,-0.6307749711018827,-0.7270438212750235,0.9043050667548768
385,1.5912507280455184,0.6614715293962038,2.279134778852951,-0.7270438212750235,-1.1058215161710052
386,1.7796789935122528,-0.2183772556158527,2.3910543846204444,0.3533676673236149,0.9043050667548768
387,0.08382460431164243,0.7164620784594574,-0.5748151682181359,-0.7270438212750235,0.9043050667548768
389,-0.7641025902886628,-1.1532165896911628,-0.5748151682181359,-0.7270438212750235,-1.1058215161710052
390,1.87389312624562,0.0015849406371614319,1.663576947131736,0.3533676673236149,0.9043050667548768
391,-0.6698884575552955,-1.2082071387544162,-0.07117694226441469,1.4337791559222532,0.9043050667548768
392,-0.1988177938884593,-0.16338670655259918,-0.4628955624506423,0.3533676673236149,-1.1058215161710052
393,-0.010389528421724812,0.881433725649218,-0.5748151682181359,2.514190644520892,-1.1058215161710052
394,2.0623213917123544,0.8264431765859644,1.7754965528992297,0.3533676673236149,0.9043050667548768
395,-0.6698884575552955,-1.2631976878176698,0.43246128368930653,0.3533676673236149,0.9043050667548768
396,-0.7641025902886628,-0.658301648121881,-0.5748151682181359,0.3533676673236149,0.9043050667548768
398,-0.5756743248219283,1.1563864709654856,-0.5748151682181359,-0.7270438212750235,-1.1058215161710052
399,-0.85831672302203,0.4415093331431897,-0.6867347739856295,-0.7270438212750235,-1.1058215161710052
400,2.156535524445722,0.9364242747124715,2.6708533990391783,1.4337791559222532,0.9043050667548768
401,0.08382460431164243,1.486329765345007,-0.6867347739856295,-0.7270438212750235,-1.1058215161710052
402,-0.6698884575552955,-1.0982260406279092,-0.015217139380667892,2.514190644520892,-1.1058215161710052
403,-1.0467449884887645,-0.658301648121881,-0.3509759566831487,-0.7270438212750235,0.9043050667548768
406,-0.6698884575552955,-1.2631976878176698,0.20862207215431933,0.3533676673236149,0.9043050667548768
407,-0.7641025902886628,-1.4831598840706839,0.15266226927057253,1.4337791559222532,-1.1058215161710052
408,-0.6698884575552955,-0.6033110990586275,-0.3509759566831487,2.514190644520892,0.9043050667548768
410,-0.1988177938884593,0.05657548970041497,-0.6307749711018827,0.3533676673236149,-1.1058215161710052
411,2.3449637899124562,0.16655658782692204,2.055295567317964,0.3533676673236149,-1.1058215161710052
412,-0.481460192088561,0.0015849406371614319,-0.6307749711018827,-0.7270438212750235,0.9043050667548768
413,-0.10460366115509205,-0.43833945186886686,-0.5188553653343891,-0.7270438212750235,0.9043050667548768
414,2.156535524445722,0.9364242747124715,1.7754965528992297,0.3533676673236149,0.9043050667548768
415,-1.1409591212221317,0.3865187840799362,-0.6867347739856295,-0.7270438212750235,-1.1058215161710052
417,2.3449637899124562,-0.2183772556158527,0.6003406923405469,0.3533676673236149,-1.1058215161710052
418,-0.5756743248219283,1.6513014125347674,-0.6307749711018827,-0.7270438212750235,-1.1058215161710052
419,-0.010389528421724812,-0.768282746248388,-0.6867347739856295,0.3533676673236149,0.9043050667548768
420,1.025965931645315,-1.3731787859441769,2.5029739903879378,2.514190644520892,0.9043050667548768
421,-0.1988177938884593,0.49649988220644325,-0.7986543797531231,-0.7270438212750235,-1.1058215161710052
422,-0.6698884575552955,0.49649988220644325,-0.6307749711018827,-0.7270438212750235,0.9043050667548768
423,-0.3872460593551938,0.16655658782692204,-0.5748151682181359,-0.7270438212750235,-1.1058215161710052
424,2.156535524445722,0.991414823775725,3.1744916249928994,2.514190644520892,0.9043050667548768
425,-0.3872460593551938,0.991414823775725,-0.85461418263687,-0.7270438212750235,0.9043050667548768
426,-0.5756743248219283,-1.5381504331339375,0.2645818750380661,2.514190644520892,-1.1058215161710052
427,-0.3872460593551938,-1.3731787859441769,0.37650148080555973,1.4337791559222532,-1.1058215161710052
428,1.4028224625787837,-1.2631976878176698,1.439737735596749,0.3533676673236149,0.9043050667548768
429,-0.6698884575552955,-1.3181882368809235,0.2645818750380661,1.4337791559222532,-1.1058215161710052
431,-0.6698884575552955,0.4415093331431897,-0.6307749711018827,-0.7270438212750235,0.9043050667548768
432,-0.1988177938884593,0.6614715293962038,-0.6867347739856295,-0.7270438212750235,0.9043050667548768
433,-0.10460366115509205,-1.1532165896911628,0.32054167792181293,0.3533676673236149,-1.1058215161710052
434,-0.6698884575552955,0.4415093331431897,-0.9105739855206167,-0.7270438212750235,-1.1058215161710052
436,-0.29303192662182653,-1.0432354915646558,-0.4069357595668955,-0.7270438212750235,-1.1058215161710052
438,0.36646700251174413,1.7612825106612746,-0.7986543797531231,-0.7270438212750235,0.9043050667548768
442,2.250749657179089,1.2663675690919927,1.2158985240617617,-0.7270438212750235,0.9043050667548768
443,-0.29303192662182653,0.16655658782692204,-0.6867347739856295,-0.7270438212750235,0.9043050667548768
445,1.9681072589789872,0.2765376859534291,1.9433759615504702,0.3533676673236149,0.9043050667548768
446,-0.29303192662182653,-0.27336780467910626,-0.5748151682181359,-0.7270438212750235,-1.1058215161710052
447,1.7796789935122528,-0.10839615748934564,1.719536750015483,0.3533676673236149,0.9043050667548768
448,-0.5756743248219283,-1.4831598840706839,0.15266226927057253,1.4337791559222532,-1.1058215161710052
449,-0.1988177938884593,-1.0982260406279092,0.32054167792181293,2.514190644520892,0.9043050667548768
450,-0.29303192662182653,-1.3181882368809235,-0.5748151682181359,-0.7270438212750235,-1.1058215161710052
452,-0.7641025902886628,0.881433725649218,-0.5188553653343891,0.3533676673236149,0.9043050667548768
453,-0.481460192088561,-0.43833945186886686,-0.5188553653343891,1.4337791559222532,0.9043050667548768
454,-0.5756743248219283,-1.1532165896911628,-0.6307749711018827,0.3533676673236149,-1.1058215161710052
456,1.5912507280455184,-0.8232732953116416,1.3278181298292553,0.3533676673236149,0.9043050667548768
457,-0.5756743248219283,-1.3731787859441769,0.37650148080555973,0.3533676673236149,-1.1058215161710052
459,-0.29303192662182653,0.1115660387636685,-0.7426945768693763,-0.7270438212750235,0.9043050667548768
460,-1.0467449884887645,0.33152823501668266,-0.7986543797531231,-0.7270438212750235,0.9043050667548768
461,-0.5756743248219283,0.49649988220644325,-0.2950161537994019,-0.7270438212750235,0.9043050667548768
462,-1.0467449884887645,-1.0982260406279092,0.20862207215431933,0.3533676673236149,0.9043050667548768
465,2.4391779226458237,-0.8232732953116416,1.103978918294268,-0.7270438212750235,-1.1058215161710052
467,1.5912507280455184,-0.6033110990586275,1.7754965528992297,1.4337791559222532,0.9043050667548768
468,-0.5756743248219283,1.816273059724528,-0.7986543797531231,-0.7270438212750235,0.9043050667548768
469,-0.85831672302203,1.101395921902232,-0.3509759566831487,-0.7270438212750235,0.9043050667548768
470,2.250749657179089,1.2113770200287393,1.8314563557829766,0.3533676673236149,0.9043050667548768
471,-0.5756743248219283,-0.9332543934381486,-0.5748151682181359,-0.7270438212750235,0.9043050667548768
472,-0.5756743248219283,1.101395921902232,-0.5748151682181359,2.514190644520892,0.9043050667548768
473,-0.481460192088561,0.4415093331431897,-0.5188553653343891,0.3533676673236149,0.9043050667548768
475,-0.29303192662182653,0.05657548970041497,-0.5188553653343891,-0.7270438212750235,0.9043050667548768
476,-0.85831672302203,1.5413203144082603,-0.7986543797531231,-0.7270438212750235,0.9043050667548768
477,-0.5756743248219283,-1.3181882368809235,-0.4069357595668955,-0.7270438212750235,-1.1058215161710052
478,-1.1409591212221317,-0.9882449425014022,0.37650148080555973,-0.7270438212750235,0.9043050667548768
479,1.6854648607788856,-0.3833489028056133,2.055295567317964,0.3533676673236149,0.9043050667548768
480,-0.481460192088561,0.4415093331431897,-0.7426945768693763,-0.7270438212750235,-1.1058215161710052
481,-0.1988177938884593,1.706291961598021,-0.5748151682181359,0.3533676673236149,0.9043050667548768
482,1.4970365953121512,-1.0432354915646558,2.6148935961554316,0.3533676673236149,-1.1058215161710052
486,-0.5756743248219283,-1.2631976878176698,-0.85461418263687,-0.7270438212750235,0.9043050667548768
487,-0.3872460593551938,0.8264431765859644,-0.5188553653343891,-0.7270438212750235,-1.1058215161710052
489,-0.10460366115509205,-1.3731787859441769,0.32054167792181293,2.514190644520892,0.9043050667548768
491,-0.481460192088561,-0.8782638443748951,-0.2390563509156551,-0.7270438212750235,-1.1058215161710052
493,-0.6698884575552955,0.991414823775725,-0.7426945768693763,0.3533676673236149,-1.1058215161710052
494,-0.1988177938884593,-0.7132921971851345,-0.5748151682181359,2.514190644520892,-1.1058215161710052
496,-0.5756743248219283,-1.5381504331339375,0.6563004952242937,2.514190644520892,0.9043050667548768
497,1.5912507280455184,-0.27336780467910626,1.6076171442479894,0.3533676673236149,-1.1058215161710052
498,-0.5756743248219283,1.1563864709654856,-0.6307749711018827,-0.7270438212750235,-1.1058215161710052
499,1.7796789935122528,-0.16338670655259918,2.1112553702017105,0.3533676673236149,0.9043050667548768
500,1.87389312624562,-0.0534056084260921,2.447014187504191,1.4337791559222532,0.9043050667548768
501,-0.481460192088561,0.6064809803329503,-0.4069357595668955,-0.7270438212750235,-1.1058215161710052
502,-1.0467449884887645,0.49649988220644325,-0.5748151682181359,-0.7270438212750235,0.9043050667548768
503,-0.5756743248219283,1.4313392162817533,-0.5188553653343891,1.4337791559222532,0.9043050667548768
504,-0.010389528421724812,-0.27336780467910626,-0.4628955624506423,-0.7270438212750235,-1.1058215161710052
505,-0.3872460593551938,0.49649988220644325,-0.5748151682181359,0.3533676673236149,-1.1058215161710052
506,-0.29303192662182653,-0.658301648121881,-0.5748151682181359,-0.7270438212750235,-1.1058215161710052
507,-0.010389528421724812,1.0464053728389786,-0.7426945768693763,-0.7270438212750235,0.9043050667548768
508,2.0623213917123544,0.6614715293962038,1.8314563557829766,-0.7270438212750235,0.9043050667548768
510,-1.0467449884887645,0.16655658782692204,-0.9105739855206167,-0.7270438212750235,0.9043050667548768
511,-0.481460192088561,-1.0982260406279092,0.04074266350307891,-0.7270438212750235,0.9043050667548768
512,-0.9525308557553972,1.0464053728389786,-0.4628955624506423,0.3533676673236149,0.9043050667548768
513,1.3086083298454165,-1.2631976878176698,1.159938721178015,-0.7270438212750235,0.9043050667548768
514,-0.7641025902886628,-0.8782638443748951,-0.3509759566831487,-0.7270438212750235,0.9043050667548768
515,-0.29303192662182653,-1.5931409821971911,0.04074266350307891,-0.7270438212750235,-1.1058215161710052
516,-0.6698884575552955,-0.9332543934381486,-0.6307749711018827,-0.7270438212750235,0.9043050667548768
518,1.7796789935122528,0.22154713689017558,1.439737735596749,0.3533676673236149,0.9043050667548768
519,-0.7641025902886628,1.596310863471514,-0.5748151682181359,-0.7270438212750235,0.9043050667548768
520,-0.5756743248219283,0.7714526275227109,-0.4069357595668955,-0.7270438212750235,0.9043050667548768
521,-0.10460366115509205,-0.49333000093212037,-0.3509759566831487,-0.7270438212750235,0.9043050667548768
523,-0.10460366115509205,1.3763486672184997,-0.6307749711018827,-0.7270438212750235,0.9043050667548768
524,1.87389312624562,-1.1532165896911628,2.6148935961554316,0.3533676673236149,-1.1058215161710052
525,-0.7641025902886628,-1.0982260406279092,0.43246128368930653,2.514190644520892,0.9043050667548768
526,2.3449637899124562,0.3865187840799362,1.0480191154105214,0.3533676673236149,-1.1058215161710052
527,-0.29303192662182653,-0.3283583537423598,-0.2950161537994019,0.3533676673236149,-1.1058215161710052
528,-0.5756743248219283,0.7164620784594574,-0.4628955624506423,-0.7270438212750235,-1.1058215161710052
529,-0.3872460593551938,-0.9882449425014022,0.15266226927057253,2.514190644520892,0.9043050667548768
530,1.9681072589789872,0.2765376859534291,0.8801397067592809,1.4337791559222532,0.9043050667548768
531,-0.6698884575552955,-1.3181882368809235,-0.5748151682181359,0.3533676673236149,0.9043050667548768
532,-0.6698884575552955,-1.3731787859441769,0.32054167792181293,-0.7270438212750235,-1.1058215161710052
533,2.156535524445722,0.8264431765859644,1.439737735596749,0.3533676673236149,0.9043050667548768
534,-0.29303192662182653,-0.5483205499953739,-0.5748151682181359,0.3533676673236149,0.9043050667548768
535,-0.3872460593551938,1.2113770200287393,-0.7986543797531231,-0.7270438212750235,-1.1058215161710052
536,2.3449637899124562,1.706291961598021,1.8314563557829766,-0.7270438212750235,0.9043050667548768
538,-0.010389528421724812,0.5514904312696968,-0.7426945768693763,-0.7270438212750235,0.9043050667548768
539,-0.7641025902886628,0.6614715293962038,-0.5188553653343891,-0.7270438212750235,0.9043050667548768
540,-0.85831672302203,-0.7132921971851345,-0.6307749711018827,-0.7270438212750235,-1.1058215161710052
541,-0.7641025902886628,0.16655658782692204,-0.2950161537994019,-0.7270438212750235,0.9043050667548768
542,-0.1988177938884593,-0.6033110990586275,-0.5748151682181359,-0.7270438212750235,-1.1058215161710052
544,-1.0467449884887645,1.596310863471514,-0.5188553653343891,-0.7270438212750235,0.9043050667548768
545,-0.7641025902886628,-0.768282746248388,-0.7426945768693763,-0.7270438212750235,-1.1058215161710052
547,-0.10460366115509205,-0.3283583537423598,-0.6307749711018827,-0.7270438212750235,-1.1058215161710052
548,-0.10460366115509205,0.49649988220644325,-0.6867347739856295,-0.7270438212750235,0.9043050667548768
550,-0.3872460593551938,0.22154713689017558,-0.6867347739856295,-0.7270438212750235,-1.1058215161710052
551,-0.85831672302203,1.6513014125347674,-0.6867347739856295,0.3533676673236149,0.9043050667548768
552,-0.481460192088561,-0.9332543934381486,0.32054167792181293,0.3533676673236149,-1.1058215161710052
553,-0.1988177938884593,-1.0432354915646558,-0.5748151682181359,1.4337791559222532,-1.1058215161710052
554,-0.3872460593551938,-0.3833489028056133,-0.6307749711018827,-0.7270438212750235,0.9043050667548768
556,-0.85831672302203,-1.3731787859441769,0.48842108657305333,2.514190644520892,-1.1058215161710052
557,-0.010389528421724812,-1.5931409821971911,0.37650148080555973,1.4337791559222532,-1.1058215161710052
559,-0.6698884575552955,-1.4281693350074305,0.37650148080555973,-0.7270438212750235,0.9043050667548768
560,1.9681072589789872,1.2113770200287393,1.0480191154105214,0.3533676673236149,-1.1058215161710052
561,-0.481460192088561,0.05657548970041497,-0.3509759566831487,-0.7270438212750235,-1.1058215161710052
562,2.0623213917123544,0.7714526275227109,2.279134778852951,0.3533676673236149,0.9043050667548768
563,-0.6698884575552955,0.4415093331431897,-0.7426945768693763,-0.7270438212750235,-1.1058215161710052
564,-0.7641025902886628,1.5413203144082603,-0.6867347739856295,-0.7270438212750235,-1.1058215161710052
565,1.7796789935122528,0.9364242747124715,-0.1271367451481615,-0.7270438212750235,0.9043050667548768
566,-0.481460192088561,1.1563864709654856,-0.4069357595668955,-0.7270438212750235,0.9043050667548768
567,-0.29303192662182653,-0.9882449425014022,0.20862207215431933,-0.7270438212750235,-1.1058215161710052
568,2.156535524445722,-0.658301648121881,0.9360995096430277,0.3533676673236149,-1.1058215161710052
570,0.08382460431164243,-0.27336780467910626,-0.7426945768693763,-0.7270438212750235,-1.1058215161710052
571,1.9681072589789872,1.5413203144082603,1.4956975384804958,1.4337791559222532,0.9043050667548768
572,-0.5756743248219283,1.816273059724528,-0.5748151682181359,-0.7270438212750235,-1.1058215161710052
573,-1.1409591212221317,-0.16338670655259918,-0.5748151682181359,-0.7270438212750235,-1.1058215161710052
574,-0.7641025902886628,0.05657548970041497,-0.7986543797531231,-0.7270438212750235,0.9043050667548768
575,-0.7641025902886628,1.706291961598021,-1.0224935912881103,-0.7270438212750235,-1.1058215161710052
577,-0.3872460593551938,-1.3181882368809235,0.37650148080555973,1.4337791559222532,-1.1058215161710052
579,-0.3872460593551938,-0.658301648121881,-0.7986543797531231,-0.7270438212750235,-1.1058215161710052
581,-0.5756743248219283,-0.8782638443748951,-1.0224935912881103,-0.7270438212750235,-1.1058215161710052
582,-0.3872460593551938,-0.8232732953116416,-0.7426945768693763,-0.7270438212750235,0.9043050667548768
583,-0.481460192088561,1.0464053728389786,-0.5748151682181359,0.3533676673236149,-1.1058215161710052
585,-0.3872460593551938,0.8264431765859644,-0.85461418263687,1.4337791559222532,-1.1058215161710052
586,-0.481460192088561,-0.10839615748934564,-0.85461418263687,0.3533676673236149,-1.1058215161710052
588,1.7796789935122528,1.2113770200287393,1.7754965528992297,0.3533676673236149,-1.1058215161710052
589,-0.1988177938884593,0.6064809803329503,-0.7426945768693763,-0.7270438212750235,0.9043050667548768
592,-0.3872460593551938,-1.4281693350074305,0.2645818750380661,-0.7270438212750235,-1.1058215161710052
593,-0.481460192088561,0.1115660387636685,-0.85461418263687,-0.7270438212750235,0.9043050667548768
594,-0.85831672302203,1.2113770200287393,-0.5748151682181359,-0.7270438212750235,0.9043050667548768
595,-0.481460192088561,-0.0534056084260921,-0.5748151682181359,-0.7270438212750235,-1.1058215161710052
596,-0.7641025902886628,1.596310863471514,-0.7986543797531231,-0.7270438212750235,0.9043050667548768
597,2.250749657179089,1.2663675690919927,2.1112553702017105,0.3533676673236149,0.9043050667548768
599,-0.1988177938884593,-0.27336780467910626,-0.5188553653343891,1.4337791559222532,-1.1058215161710052
600,-0.29303192662182653,1.101395921902232,-0.6867347739856295,-0.7270438212750235,-1.1058215161710052
601,-0.1988177938884593,1.101395921902232,-0.7426945768693763,-0.7270438212750235,-1.1058215161710052
602,-0.5756743248219283,0.9364242747124715,-0.7986543797531231,0.3533676673236149,0.9043050667548768
603,-0.481460192088561,-1.2631976878176698,0.32054167792181293,0.3533676673236149,-1.1058215161710052
604,-0.1988177938884593,0.881433725649218,-0.7426945768693763,-0.7270438212750235,0.9043050667548768
605,-0.29303192662182653,-0.49333000093212037,-0.7426945768693763,-0.7270438212750235,-1.1058215161710052
606,-0.6698884575552955,1.2113770200287393,-0.6307749711018827,0.3533676673236149,-1.1058215161710052
607,0.17803873704500967,-1.2082071387544162,-0.9105739855206167,-0.7270438212750235,-1.1058215161710052
608,-0.6698884575552955,0.33152823501668266,-0.6307749711018827,-0.7270438212750235,-1.1058215161710052
609,-0.1988177938884593,-1.4281693350074305,0.20862207215431933,0.3533676673236149,-1.1058215161710052
610,2.5333920553791907,1.816273059724528,1.4956975384804958,0.3533676673236149,0.9043050667548768
612,1.2143941971120493,-1.3731787859441769,1.159938721178015,1.4337791559222532,0.9043050667548768
613,-0.6698884575552955,-0.5483205499953739,-0.5188553653343891,-0.7270438212750235,-1.1058215161710052
614,-0.6698884575552955,-0.2183772556158527,-0.85461418263687,0.3533676673236149,0.9043050667548768
615,2.627606188112558,1.816273059724528,2.726813201922925,0.3533676673236149,0.9043050667548768
616,-0.85831672302203,0.3865187840799362,-0.3509759566831487,-0.7270438212750235,0.9043050667548768
617,0.08382460431164243,0.33152823501668266,-0.5748151682181359,-0.7270438212750235,-1.1058215161710052
618,-0.481460192088561,1.0464053728389786,-0.85461418263687,-0.7270438212750235,0.9043050667548768
619,-0.1988177938884593,0.3865187840799362,-0.7986543797531231,-0.7270438212750235,-1.1058215161710052
620,1.9681072589789872,-0.9882449425014022,1.2718583269455086,0.3533676673236149,-1.1058215161710052
621,-0.10460366115509205,1.486329765345007,-0.5748151682181359,-0.7270438212750235,0.9043050667548768
622,1.9681072589789872,0.6614715293962038,3.062572019225406,-0.7270438212750235,-1.1058215161710052
623,1.7796789935122528,-0.16338670655259918,1.7754965528992297,0.3533676673236149,0.9043050667548768
624,-0.5756743248219283,0.2765376859534291,-0.6867347739856295,-0.7270438212750235,0.9043050667548768
625,-0.7641025902886628,0.881433725649218,-0.7426945768693763,-0.7270438212750235,0.9043050667548768
626,0.08382460431164243,0.05657548970041497,-0.6307749711018827,0.3533676673236149,0.9043050667548768
628,-0.481460192088561,-0.43833945186886686,-0.9665337884043635,-0.7270438212750235,0.9043050667548768
629,1.87389312624562,0.7164620784594574,2.8946926105741655,1.4337791559222532,-1.1058215161710052
630,-0.10460366115509205,-1.0432354915646558,-0.6307749711018827,-0.7270438212750235,0.9043050667548768
631,-0.9525308557553972,-0.5483205499953739,-0.6867347739856295,-0.7270438212750235,0.9043050667548768
632,-0.29303192662182653,-1.4281693350074305,-0.015217139380667892,1.4337791559222532,-1.1058215161710052
633,-0.29303192662182653,-0.6033110990586275,-0.4628955624506423,-0.7270438212750235,-1.1058215161710052
634,-0.1988177938884593,-0.7132921971851345,-0.7986543797531231,-0.7270438212750235,-1.1058215161710052
636,-0.3872460593551938,-1.4831598840706839,0.37650148080555973,0.3533676673236149,-1.1058215161710052
637,2.3449637899124562,1.7612825106612746,2.5029739903879378,-0.7270438212750235,0.9043050667548768
638,-0.29303192662182653,-0.27336780467910626,-0.4069357595668955,0.3533676673236149,0.9043050667548768
639,-0.3872460593551938,-0.16338670655259918,-0.7426945768693763,-0.7270438212750235,-1.1058215161710052
640,1.4970365953121512,0.881433725649218,0.9360995096430277,0.3533676673236149,-1.1058215161710052
641,-0.10460366115509205,-1.2631976878176698,-0.015217139380667892,2.514190644520892,-1.1058215161710052
642,-0.5756743248219283,1.7612825106612746,-0.5748151682181359,-0.7270438212750235,0.9043050667548768
643,1.5912507280455184,-1.2082071387544162,2.167215173085457,1.4337791559222532,0.9043050667548768
644,1.5912507280455184,-0.5483205499953739,1.999335764434217,0.3533676673236149,0.9043050667548768
645,-0.010389528421724812,-0.27336780467910626,-0.5748151682181359,-0.7270438212750235,0.9043050667548768
648,1.2143941971120493,-1.3731787859441769,0.8241799038755341,2.514190644520892,0.9043050667548768
650,-0.1988177938884593,1.1563864709654856,-0.6307749711018827,-0.7270438212750235,0.9043050667548768
652,-0.3872460593551938,0.05657548970041497,-0.6867347739856295,-0.7270438212750235,0.9043050667548768
654,-0.85831672302203,-0.9332543934381486,-0.7426945768693763,-0.7270438212750235,0.9043050667548768
655,-0.6698884575552955,-1.2082071387544162,0.2645818750380661,2.514190644520892,-1.1058215161710052
656,-0.29303192662182653,0.33152823501668266,-0.5748151682181359,-0.7270438212750235,0.9043050667548768
657,-0.481460192088561,-0.8782638443748951,-0.7426945768693763,0.3533676673236149,0.9043050667548768
658,-0.7641025902886628,-1.4281693350074305,0.20862207215431933,1.4337791559222532,-1.1058215161710052
659,-1.0467449884887645,0.6614715293962038,-0.7986543797531231,-0.7270438212750235,-1.1058215161710052
660,-0.481460192088561,0.3865187840799362,-0.5748151682181359,-0.7270438212750235,0.9043050667548768
661,-0.3872460593551938,1.5413203144082603,-0.4069357595668955,-0.7270438212750235,0.9043050667548768
663,1.5912507280455184,-0.5483205499953739,0.8241799038755341,0.3533676673236149,0.9043050667548768
664,-0.29303192662182653,1.101395921902232,-0.6867347739856295,0.3533676673236149,-1.1058215161710052
667,-0.010389528421724812,0.9364242747124715,-0.6867347739856295,-0.7270438212750235,0.9043050667548768
668,-0.6698884575552955,1.6513014125347674,-0.7426945768693763,0.3533676673236149,0.9043050667548768
669,-0.7641025902886628,0.22154713689017558,-0.9665337884043635,-0.7270438212750235,-1.1058215161710052
671,1.9681072589789872,0.49649988220644325,1.3278181298292553,0.3533676673236149,0.9043050667548768
672,-0.10460366115509205,0.0015849406371614319,-0.9665337884043635,-0.7270438212750235,0.9043050667548768
673,-0.85831672302203,1.596310863471514,-1.078453394171857,-0.7270438212750235,0.9043050667548768
674,0.36646700251174413,-0.8232732953116416,-0.5188553653343891,0.3533676673236149,0.9043050667548768
675,2.3449637899124562,1.596310863471514,1.4956975384804958,0.3533676673236149,0.9043050667548768
677,-0.29303192662182653,-0.7132921971851345,-0.4069357595668955,-0.7270438212750235,0.9043050667548768
678,-0.29303192662182653,-0.6033110990586275,-0.4628955624506423,-0.7270438212750235,0.9043050667548768
679,-1.0467449884887645,-1.3181882368809235,0.15266226927057253,1.4337791559222532,0.9043050667548768
681,1.9681072589789872,1.2113770200287393,-0.2950161537994019,2.514190644520892,-1.1058215161710052
682,-0.481460192088561,-0.7132921971851345,-0.5188553653343891,2.514190644520892,-1.1058215161710052
683,-0.481460192088561,-1.1532165896911628,-0.5188553653343891,-0.7270438212750235,-1.1058215161710052
684,1.7796789935122528,-0.10839615748934564,2.055295567317964,0.3533676673236149,0.9043050667548768
685,-1.235173253955499,-0.9332543934381486,-0.7986543797531231,-0.7270438212750235,-1.1058215161710052
687,-0.7641025902886628,1.1563864709654856,-0.5188553653343891,-0.7270438212750235,-1.1058215161710052
688,-0.85831672302203,-0.3833489028056133,-0.7986543797531231,-0.7270438212750235,-1.1058215161710052
689,-0.7641025902886628,-1.1532165896911628,-0.7986543797531231,-0.7270438212750235,0.9043050667548768
690,-0.6698884575552955,0.33152823501668266,-0.5188553653343891,0.3533676673236149,-1.1058215161710052
691,-0.5756743248219283,-1.0982260406279092,0.37650148080555973,0.3533676673236149,0.9043050667548768
692,-0.9525308557553972,-0.6033110990586275,-0.7986543797531231,-0.7270438212750235,0.9043050667548768
694,-0.3872460593551938,-0.768282746248388,-1.0224935912881103,-0.7270438212750235,0.9043050667548768
695,-0.29303192662182653,1.816273059724528,-0.4628955624506423,-0.7270438212750235,0.9043050667548768
696,-0.5756743248219283,-1.1532165896911628,0.20862207215431933,2.514190644520892,-1.1058215161710052
697,-0.481460192088561,-0.27336780467910626,-0.7426945768693763,-0.7270438212750235,-1.1058215161710052
698,-0.85831672302203,1.2663675690919927,-0.7426945768693763,-0.7270438212750235,0.9043050667548768
699,-0.3872460593551938,-0.9882449425014022,-0.6307749711018827,0.3533676673236149,0.9043050667548768
700,1.6854648607788856,-0.3283583537423598,2.950652413457912,0.3533676673236149,0.9043050667548768
701,-0.29303192662182653,-0.3283583537423598,-0.5188553653343891,-0.7270438212750235,0.9043050667548768
702,2.0623213917123544,0.7714526275227109,0.8241799038755341,2.514190644520892,0.9043050667548768
703,-0.6698884575552955,-0.3283583537423598,-0.3509759566831487,-0.7270438212750235,-1.1058215161710052
704,-0.481460192088561,0.05657548970041497,-0.6867347739856295,-0.7270438212750235,-1.1058215161710052
705,1.87389312624562,0.2765376859534291,1.999335764434217,0.3533676673236149,0.9043050667548768
706,-0.85831672302203,1.7612825106612746,-0.5188553653343891,-0.7270438212750235,0.9043050667548768
707,-0.6698884575552955,1.2663675690919927,-0.6307749711018827,-0.7270438212750235,-1.1058215161710052
708,-0.10460366115509205,-1.4831598840706839,0.04074266350307891,-0.7270438212750235,-1.1058215161710052
709,-0.29303192662182653,-0.9332543934381486,-0.4069357595668955,-0.7270438212750235,-1.1058215161710052
711,1.9681072589789872,0.6064809803329503,2.167215173085457,0.3533676673236149,0.9043050667548768
712,-0.10460366115509205,1.2113770200287393,-0.6307749711018827,-0.7270438212750235,0.9043050667548768
713,-0.1988177938884593,-0.9332543934381486,0.43246128368930653,1.4337791559222532,0.9043050667548768
714,-0.3872460593551938,-0.658301648121881,-0.85461418263687,-0.7270438212750235,-1.1058215161710052
715,-0.5756743248219283,-1.2082071387544162,-0.5748151682181359,-0.7270438212750235,-1.1058215161710052
716,-0.3872460593551938,1.2113770200287393,-1.0224935912881103,-0.7270438212750235,-1.1058215161710052
717,-0.481460192088561,-0.16338670655259918,-0.6867347739856295,-0.7270438212750235,0.9043050667548768
718,-0.1988177938884593,-1.0982260406279092,0.32054167792181293,-0.7270438212750235,-1.1058215161710052
719,-0.85831672302203,1.486329765345007,-0.07117694226441469,-0.7270438212750235,0.9043050667548768
720,-0.481460192088561,-0.5483205499953739,-0.6307749711018827,0.3533676673236149,-1.1058215161710052
721,-0.6698884575552955,0.4415093331431897,-0.6867347739856295,-0.7270438212750235,-1.1058215161710052
723,-0.010389528421724812,-0.8232732953116416,-0.6307749711018827,-0.7270438212750235,-1.1058215161710052
725,-0.481460192088561,0.6064809803329503,-0.4628955624506423,-0.7270438212750235,-1.1058215161710052
726,-0.3872460593551938,0.7164620784594574,-0.85461418263687,-0.7270438212750235,0.9043050667548768
727,-0.3872460593551938,1.596310863471514,-0.5188553653343891,-0.7270438212750235,0.9043050667548768
728,-0.010389528421724812,-0.16338670655259918,-0.7426945768693763,-0.7270438212750235,0.9043050667548768
729,-0.5756743248219283,-1.1532165896911628,0.20862207215431933,-0.7270438212750235,-1.1058215161710052
730,0.17803873704500967,1.7612825106612746,-0.7426945768693763,0.3533676673236149,-1.1058215161710052
731,-0.6698884575552955,1.101395921902232,-0.2950161537994019,0.3533676673236149,-1.1058215161710052
732,1.5912507280455184,-0.6033110990586275,1.8314563557829766,2.514190644520892,0.9043050667548768
736,0.08382460431164243,-0.3833489028056133,-0.6307749711018827,0.3533676673236149,0.9043050667548768
737,-0.481460192088561,-1.0432354915646558,0.32054167792181293,1.4337791559222532,-1.1058215161710052
738,-0.9525308557553972,0.2765376859534291,-0.6307749711018827,-0.7270438212750235,-1.1058215161710052
740,2.156535524445722,1.2113770200287393,0.15266226927057253,0.3533676673236149,-1.1058215161710052
742,-0.481460192088561,-1.0432354915646558,-1.1903729999393506,-0.7270438212750235,-1.1058215161710052
743,1.9681072589789872,0.6614715293962038,2.447014187504191,2.514190644520892,0.9043050667548768
744,-0.7641025902886628,-1.5931409821971911,0.37650148080555973,2.514190644520892,0.9043050667548768
746,-0.3872460593551938,-1.4281693350074305,0.2645818750380661,0.3533676673236149,0.9043050667548768
748,1.1201800643786821,-1.3731787859441769,0.7682201009917873,2.514190644520892,0.9043050667548768
750,-0.010389528421724812,-0.10839615748934564,-0.5748151682181359,0.3533676673236149,0.9043050667548768
751,-1.235173253955499,0.22154713689017558,-0.4628955624506423,0.3533676673236149,-1.1058215161710052
753,-0.481460192088561,-1.2082071387544162,-0.9105739855206167,-0.7270438212750235,-1.1058215161710052
754,-0.85831672302203,-0.9882449425014022,-0.6307749711018827,-0.7270438212750235,-1.1058215161710052
757,-0.3872460593551938,-1.3181882368809235,-0.6867347739856295,-0.7270438212750235,-1.1058215161710052
758,-0.3872460593551938,-0.6033110990586275,-0.7426945768693763,2.514190644520892,-1.1058215161710052
760,-0.6698884575552955,-1.0982260406279092,-0.5188553653343891,0.3533676673236149,0.9043050667548768
761,-0.481460192088561,-0.9332543934381486,0.15266226927057253,0.3533676673236149,0.9043050667548768
762,-0.6698884575552955,-1.4831598840706839,0.37650148080555973,2.514190644520892,0.9043050667548768
765,-0.6698884575552955,0.991414823775725,-0.6307749711018827,0.3533676673236149,0.9043050667548768
766,-0.9525308557553972,1.5413203144082603,-0.7986543797531231,-0.7270438212750235,0.9043050667548768
767,-0.29303192662182653,-1.0432354915646558,-0.6867347739856295,-0.7270438212750235,-1.1058215161710052
768,-0.9525308557553972,-0.3833489028056133,-0.2390563509156551,-0.7270438212750235,0.9043050667548768
771,-0.1988177938884593,0.7164620784594574,-1.0224935912881103,-0.7270438212750235,0.9043050667548768
772,-0.5756743248219283,-1.1532165896911628,-0.5748151682181359,-0.7270438212750235,-1.1058215161710052
773,1.7796789935122528,0.22154713689017558,1.439737735596749,0.3533676673236149,-1.1058215161710052
774,-0.10460366115509205,-0.768282746248388,-0.5188553653343891,-0.7270438212750235,-1.1058215161710052
775,1.1201800643786821,-1.3731787859441769,1.8874161586667233,0.3533676673236149,0.9043050667548768
776,1.9681072589789872,0.3865187840799362,1.7754965528992297,0.3533676673236149,0.9043050667548768
777,-0.10460366115509205,0.991414823775725,-0.85461418263687,-0.7270438212750235,-1.1058215161710052
779,-0.481460192088561,0.6614715293962038,-0.5188553653343891,1.4337791559222532,0.9043050667548768
781,-0.010389528421724812,-0.3833489028056133,-0.4069357595668955,-0.7270438212750235,0.9043050667548768
783,-0.481460192088561,1.816273059724528,-0.4628955624506423,-0.7270438212750235,-1.1058215161710052
784,2.0623213917123544,0.7714526275227109,1.7754965528992297,0.3533676673236149,0.9043050667548768
785,-1.0467449884887645,-1.4831598840706839,0.15266226927057253,2.514190644520892,-1.1058215161710052
786,1.4028224625787837,-1.1532165896911628,1.159938721178015,1.4337791559222532,0.9043050667548768
787,1.9681072589789872,-0.49333000093212037,0.9920593125267745,-0.7270438212750235,-1.1058215161710052
788,-0.481460192088561,0.2765376859534291,-0.6867347739856295,1.4337791559222532,-1.1058215161710052
789,-0.7641025902886628,-0.5483205499953739,-0.4069357595668955,-0.7270438212750235,0.9043050667548768
790,-0.85831672302203,-1.1532165896911628,0.48842108657305333,1.4337791559222532,0.9043050667548768
791,1.9681072589789872,0.5514904312696968,-0.07117694226441469,1.4337791559222532,-1.1058215161710052
792,-0.481460192088561,1.2663675690919927,-0.5748151682181359,-0.7270438212750235,0.9043050667548768
794,2.3449637899124562,1.5413203144082603,0.9360995096430277,2.514190644520892,0.9043050667548768
795,-0.29303192662182653,-1.4831598840706839,0.15266226927057253,2.514190644520892,-1.1058215161710052
796,-0.3872460593551938,0.22154713689017558,-0.9665337884043635,-0.7270438212750235,-1.1058215161710052
797,-0.85831672302203,-0.43833945186886686,-0.5748151682181359,-0.7270438212750235,-1.1058215161710052
798,1.87389312624562,1.3763486672184997,1.719536750015483,0.3533676673236149,0.9043050667548768
799,-0.5756743248219283,0.4415093331431897,-0.4628955624506423,-0.7270438212750235,0.9043050667548768
800,-0.010389528421724812,-1.2082071387544162,0.37650148080555973,2.514190644520892,0.9043050667548768
801,1.5912507280455184,-0.9332543934381486,0.8241799038755341,-0.7270438212750235,0.9043050667548768
802,-0.3872460593551938,-1.3731787859441769,0.32054167792181293,2.514190644520892,0.9043050667548768
804,-0.6698884575552955,0.9364242747124715,-0.6867347739856295,-0.7270438212750235,0.9043050667548768
805,-0.29303192662182653,-0.0534056084260921,-0.5188553653343891,0.3533676673236149,-1.1058215161710052
806,-0.481460192088561,-1.4281693350074305,0.32054167792181293,1.4337791559222532,0.9043050667548768
807,-0.7641025902886628,-1.3181882368809235,0.15266226927057253,-0.7270438212750235,-1.1058215161710052
808,1.5912507280455184,0.16655658782692204,1.999335764434217,0.3533676673236149,0.9043050667548768
809,-0.481460192088561,1.0464053728389786,-0.85461418263687,0.3533676673236149,0.9043050667548768
810,-0.6698884575552955,-1.4831598840706839,0.2645818750380661,2.514190644520892,-1.1058215161710052
811,-0.6698884575552955,1.816273059724528,-0.7426945768693763,-0.7270438212750235,0.9043050667548768
814,-0.7641025902886628,-1.3181882368809235,0.32054167792181293,2.514190644520892,0.9043050667548768
815,1.9681072589789872,0.33152823501668266,1.103978918294268,0.3533676673236149,0.9043050667548768
816,-0.7641025902886628,1.596310863471514,-0.1830965480319083,-0.7270438212750235,-1.1058215161710052
817,-0.85831672302203,0.7164620784594574,-0.07117694226441469,2.514190644520892,0.9043050667548768
818,-0.3872460593551938,0.9364242747124715,-0.7426945768693763,-0.7270438212750235,0.9043050667548768
819,-0.481460192088561,0.6064809803329503,-0.4069357595668955,-0.7270438212750235,0.9043050667548768
820,-0.29303192662182653,0.9364242747124715,-0.6867347739856295,-0.7270438212750235,0.9043050667548768
821,-0.3872460593551938,1.6513014125347674,-0.4069357595668955,-0.7270438212750235,0.9043050667548768
822,-0.10460366115509205,0.8264431765859644,-0.6307749711018827,1.4337791559222532,0.9043050667548768
823,-0.481460192088561,1.5413203144082603,-0.9105739855206167,-0.7270438212750235,0.9043050667548768
824,-0.85831672302203,-0.3283583537423598,-0.4628955624506423,-0.7270438212750235,0.9043050667548768
826,-0.481460192088561,-0.9882449425014022,-0.5188553653343891,-0.7270438212750235,-1.1058215161710052
827,2.627606188112558,1.816273059724528,2.055295567317964,1.4337791559222532,0.9043050667548768
832,1.87389312624562,0.22154713689017558,2.3350945817366977,0.3533676673236149,0.9043050667548768
833,-0.7641025902886628,-1.2631976878176698,0.43246128368930653,0.3533676673236149,0.9043050667548768
834,-0.5756743248219283,-1.0982260406279092,0.37650148080555973,0.3533676673236149,-1.1058215161710052
835,1.7796789935122528,0.0015849406371614319,0.9920593125267745,2.514190644520892,0.9043050667548768
836,-0.6698884575552955,1.2113770200287393,-0.5188553653343891,0.3533676673236149,-1.1058215161710052
837,1.4028224625787837,1.596310863471514,1.6076171442479894,0.3533676673236149,0.9043050667548768
838,-0.5756743248219283,-0.6033110990586275,-0.4069357595668955,-0.7270438212750235,0.9043050667548768
839,2.156535524445722,0.881433725649218,1.8874161586667233,0.3533676673236149,0.9043050667548768
840,-0.481460192088561,0.6064809803329503,-0.6307749711018827,-0.7270438212750235,-1.1058215161710052
841,-0.481460192088561,0.2765376859534291,-0.5748151682181359,-0.7270438212750235,0.9043050667548768
842,-0.29303192662182653,0.22154713689017558,-0.6867347739856295,-0.7270438212750235,-1.1058215161710052
843,-0.7641025902886628,1.3763486672184997,-0.9105739855206167,0.3533676673236149,-1.1058215161710052
844,-0.481460192088561,1.5413203144082603,-0.85461418263687,-0.7270438212750235,0.9043050667548768
846,-0.3872460593551938,-1.5931409821971911,0.48842108657305333,1.4337791559222532,0.9043050667548768
848,-0.3872460593551938,-0.43833945186886686,-0.5188553653343891,-0.7270438212750235,0.9043050667548768
849,1.7796789935122528,-0.16338670655259918,1.8874161586667233,0.3533676673236149,0.9043050667548768
850,-0.29303192662182653,-1.0432354915646558,-0.5748151682181359,-0.7270438212750235,-1.1058215161710052
853,-1.0467449884887645,1.3763486672184997,-0.7986543797531231,-0.7270438212750235,0.9043050667548768
854,-0.010389528421724812,0.3865187840799362,-0.7426945768693763,-0.7270438212750235,0.9043050667548768
855,-0.29303192662182653,-0.49333000093212037,-0.6867347739856295,0.3533676673236149,0.9043050667548768
856,-0.6698884575552955,1.596310863471514,-0.7986543797531231,-0.7270438212750235,-1.1058215161710052
857,-0.3872460593551938,-0.7132921971851345,-0.5748151682181359,-0.7270438212750235,0.9043050667548768
858,-0.29303192662182653,-1.3181882368809235,0.2645818750380661,1.4337791559222532,-1.1058215161710052
859,1.1201800643786821,-1.3731787859441769,0.37650148080555973,1.4337791559222532,0.9043050667548768
860,-0.5756743248219283,0.3865187840799362,-0.7426945768693763,-0.7270438212750235,0.9043050667548768
861,-0.85831672302203,0.3865187840799362,-0.85461418263687,0.3533676673236149,0.9043050667548768
864,-0.85831672302203,-1.2631976878176698,-0.7426945768693763,-0.7270438212750235,-1.1058215161710052
865,-0.3872460593551938,0.0015849406371614319,-0.6867347739856295,-0.7270438212750235,-1.1058215161710052
866,-0.5756743248219283,-1.3181882368809235,0.20862207215431933,-0.7270438212750235,0.9043050667548768
867,1.5912507280455184,1.1563864709654856,3.1185318221091527,0.3533676673236149,0.9043050667548768
868,1.4970365953121512,-0.9332543934381486,1.439737735596749,0.3533676673236149,0.9043050667548768
869,-0.1988177938884593,-0.9882449425014022,-0.4628955624506423,-0.7270438212750235,0.9043050667548768
870,-0.6698884575552955,-0.43833945186886686,-0.6307749711018827,-0.7270438212750235,-1.1058215161710052
874,-0.85831672302203,-1.3181882368809235,0.37650148080555973,2.514190644520892,0.9043050667548768
875,-0.481460192088561,-1.0982260406279092,0.37650148080555973,-0.7270438212750235,0.9043050667548768
876,-0.481460192088561,-0.8782638443748951,-0.6307749711018827,-0.7270438212750235,-1.1058215161710052
878,-0.1988177938884593,-0.768282746248388,-0.7986543797531231,-0.7270438212750235,-1.1058215161710052
880,1.4028224625787837,-0.8782638443748951,1.3278181298292553,0.3533676673236149,-1.1058215161710052
882,-0.85831672302203,-0.9332543934381486,0.43246128368930653,1.4337791559222532,0.9043050667548768
883,-0.10460366115509205,1.4313392162817533,-0.7426945768693763,-0.7270438212750235,0.9043050667548768
884,2.4391779226458237,1.816273059724528,1.663576947131736,0.3533676673236149,0.9043050667548768
885,1.5912507280455184,-0.10839615748934564,1.8874161586667233,0.3533676673236149,0.9043050667548768
887,0.17803873704500967,-0.658301648121881,-0.5748151682181359,-0.7270438212750235,0.9043050667548768
888,-0.85831672302203,-1.5381504331339375,0.2645818750380661,-0.7270438212750235,0.9043050667548768
889,2.156535524445722,1.101395921902232,3.1744916249928994,0.3533676673236149,0.9043050667548768
890,-0.1988177938884593,-1.3181882368809235,0.43246128368930653,0.3533676673236149,-1.1058215161710052
891,-0.29303192662182653,1.596310863471514,-0.7426945768693763,-0.7270438212750235,-1.1058215161710052
893,-0.7641025902886628,-1.2082071387544162,0.43246128368930653,0.3533676673236149,0.9043050667548768
894,-0.1988177938884593,-0.16338670655259918,-0.7986543797531231,-0.7270438212750235,0.9043050667548768
897,-0.3872460593551938,0.5514904312696968,-0.6307749711018827,-0.7270438212750235,-1.1058215161710052
898,-0.3872460593551938,0.4415093331431897,-0.5188553653343891,0.3533676673236149,-1.1058215161710052
899,1.7796789935122528,0.7714526275227109,1.6076171442479894,1.4337791559222532,-1.1058215161710052
900,1.5912507280455184,0.4415093331431897,1.0480191154105214,0.3533676673236149,0.9043050667548768
901,-0.29303192662182653,-0.9332543934381486,-0.3509759566831487,-0.7270438212750235,0.9043050667548768
902,-0.7641025902886628,1.706291961598021,-0.5748151682181359,-0.7270438212750235,-1.1058215161710052
903,2.250749657179089,0.16655658782692204,2.8946926105741655,0.3533676673236149,-1.1058215161710052
904,-0.7641025902886628,0.881433725649218,-0.9665337884043635,-0.7270438212750235,0.9043050667548768
905,1.5912507280455184,-0.6033110990586275,2.279134778852951,0.3533676673236149,0.9043050667548768
906,-0.29303192662182653,-1.1532165896911628,0.04074266350307891,-0.7270438212750235,0.9043050667548768
907,-0.7641025902886628,-0.0534056084260921,-0.7986543797531231,-0.7270438212750235,0.9043050667548768
908,-0.10460366115509205,0.6064809803329503,-0.5188553653343891,-0.7270438212750235,-1.1058215161710052
909,-0.6698884575552955,-1.2082071387544162,0.20862207215431933,2.514190644520892,0.9043050667548768
910,-0.85831672302203,0.05657548970041497,-0.6307749711018827,-0.7270438212750235,-1.1058215161710052
911,-0.6698884575552955,0.7714526275227109,-0.6307749711018827,-0.7270438212750235,0.9043050667548768
912,-0.5756743248219283,-1.0432354915646558,0.32054167792181293,1.4337791559222532,-1.1058215161710052
915,-0.1988177938884593,0.9364242747124715,-0.5188553653343891,-0.7270438212750235,-1.1058215161710052
917,-0.481460192088561,1.5413203144082603,-0.7426945768693763,-0.7270438212750235,-1.1058215161710052
918,-0.29303192662182653,-1.3731787859441769,0.2645818750380661,1.4337791559222532,-1.1058215161710052
919,-0.3872460593551938,-0.768282746248388,-0.4628955624506423,-0.7270438212750235,0.9043050667548768
920,-0.29303192662182653,0.991414823775725,-0.5188553653343891,-0.7270438212750235,-1.1058215161710052
921,-0.6698884575552955,1.596310863471514,-0.4628955624506423,-0.7270438212750235,0.9043050667548768
922,-0.7641025902886628,-1.4831598840706839,0.20862207215431933,1.4337791559222532,0.9043050667548768
925,-0.7641025902886628,-1.2082071387544162,-0.5188553653343891,-0.7270438212750235,0.9043050667548768
926,-0.85831672302203,-0.658301648121881,-0.9105739855206167,-0.7270438212750235,-1.1058215161710052
927,-0.5756743248219283,-1.1532165896911628,0.43246128368930653,0.3533676673236149,-1.1058215161710052
928,-0.6698884575552955,-0.9332543934381486,-0.6307749711018827,-0.7270438212750235,0.9043050667548768
929,1.6854648607788856,-0.8782638443748951,1.7754965528992297,2.514190644520892,-1.1058215161710052
930,-0.1988177938884593,0.7164620784594574,-0.5188553653343891,-0.7270438212750235,0.9043050667548768
931,-0.010389528421724812,1.706291961598021,-0.5748151682181359,-0.7270438212750235,-1.1058215161710052
932,-0.481460192088561,-1.1532165896911628,0.5443808894568001,-0.7270438212750235,-1.1058215161710052
934,-0.5756743248219283,1.596310863471514,-0.3509759566831487,-0.7270438212750235,-1.1058215161710052
935,-0.481460192088561,0.6614715293962038,-0.9665337884043635,-0.7270438212750235,0.9043050667548768
937,-0.010389528421724812,-1.1532165896911628,-0.5748151682181359,-0.7270438212750235,-1.1058215161710052
938,-0.1988177938884593,-1.2082071387544162,-0.4069357595668955,-0.7270438212750235,0.9043050667548768
939,-0.481460192088561,1.101395921902232,-0.7426945768693763,0.3533676673236149,-1.1058215161710052
940,0.08382460431164243,0.4415093331431897,-0.5748151682181359,-0.7270438212750235,0.9043050667548768
941,-0.1988177938884593,-0.49333000093212037,-0.4628955624506423,0.3533676673236149,-1.1058215161710052
942,1.87389312624562,-0.5483205499953739,2.726813201922925,1.4337791559222532,-1.1058215161710052
944,-0.6698884575552955,0.2765376859534291,-0.4628955624506423,-0.7270438212750235,0.9043050667548768
945,-0.29303192662182653,1.5413203144082603,-0.6867347739856295,-0.7270438212750235,-1.1058215161710052
946,-0.010389528421724812,-0.9882449425014022,0.04074266350307891,1.4337791559222532,-1.1058215161710052
947,-0.29303192662182653,0.05657548970041497,-0.6867347739856295,0.3533676673236149,0.9043050667548768
948,-0.29303192662182653,0.6614715293962038,-0.4628955624506423,-0.7270438212750235,0.9043050667548768
949,-1.0467449884887645,0.6064809803329503,-0.6307749711018827,-0.7270438212750235,0.9043050667548768
951,-0.10460366115509205,-0.9882449425014022,0.20862207215431933,2.514190644520892,0.9043050667548768
952,-0.3872460593551938,1.3213581181552463,-0.7426945768693763,-0.7270438212750235,0.9043050667548768
953,-0.5756743248219283,0.0015849406371614319,-0.4069357595668955,1.4337791559222532,-1.1058215161710052
954,-0.10460366115509205,1.7612825106612746,-0.4628955624506423,-0.7270438212750235,-1.1058215161710052
956,-0.5756743248219283,-1.0982260406279092,0.43246128368930653,0.3533676673236149,0.9043050667548768
957,0.08382460431164243,-0.2183772556158527,-0.4069357595668955,-0.7270438212750235,0.9043050667548768
958,-0.85831672302203,1.2663675690919927,-0.5188553653343891,-0.7270438212750235,0.9043050667548768
959,1.7796789935122528,0.2765376859534291,2.279134778852951,-0.7270438212750235,0.9043050667548768
960,-0.5756743248219283,0.2765376859534291,-0.7986543797531231,-0.7270438212750235,0.9043050667548768
961,-0.7641025902886628,-1.4831598840706839,0.32054167792181293,-0.7270438212750235,0.9043050667548768
962,-1.0467449884887645,-1.3731787859441769,-0.6307749711018827,-0.7270438212750235,0.9043050667548768
963,1.7796789935122528,-0.27336780467910626,1.7754965528992297,0.3533676673236149,0.9043050667548768
964,1.7796789935122528,-0.27336780467910626,0.43246128368930653,0.3533676673236149,0.9043050667548768
965,-0.481460192088561,-0.2183772556158527,-0.7986543797531231,-0.7270438212750235,0.9043050667548768
966,-0.29303192662182653,1.4313392162817533,-0.85461418263687,-0.7270438212750235,-1.1058215161710052
967,-0.481460192088561,-1.5381504331339375,0.8801397067592809,0.3533676673236149,-1.1058215161710052
969,-0.6698884575552955,-1.2082071387544162,0.20862207215431933,1.4337791559222532,-1.1058215161710052
970,-0.7641025902886628,0.7164620784594574,-0.6867347739856295,-0.7270438212750235,0.9043050667548768
972,1.6854648607788856,-0.5483205499953739,1.3278181298292553,2.514190644520892,0.9043050667548768
973,-0.5756743248219283,0.881433725649218,-0.7426945768693763,0.3533676673236149,0.9043050667548768
974,-0.481460192088561,0.7714526275227109,-0.9105739855206167,-0.7270438212750235,0.9043050667548768
975,-0.7641025902886628,-1.1532165896911628,-0.7426945768693763,-0.7270438212750235,-1.1058215161710052
978,-0.29303192662182653,-1.1532165896911628,-0.85461418263687,-0.7270438212750235,0.9043050667548768
979,-0.29303192662182653,-1.2631976878176698,0.43246128368930653,1.4337791559222532,-1.1058215161710052
980,-0.3872460593551938,-0.10839615748934564,-0.5748151682181359,-0.7270438212750235,0.9043050667548768
981,-0.481460192088561,1.486329765345007,-0.85461418263687,0.3533676673236149,-1.1058215161710052
982,-0.5756743248219283,0.49649988220644325,-0.9105739855206167,-0.7270438212750235,-1.1058215161710052
983,-0.3872460593551938,-1.3181882368809235,-0.4628955624506423,-0.7270438212750235,-1.1058215161710052
984,-0.9525308557553972,-0.16338670655259918,-0.9105739855206167,-0.7270438212750235,0.9043050667548768
985,-0.85831672302203,-0.768282746248388,-0.9105739855206167,-0.7270438212750235,0.9043050667548768
986,-0.3872460593551938,0.1115660387636685,-0.7426945768693763,-0.7270438212750235,-1.1058215161710052
988,-0.9525308557553972,-1.3731787859441769,-0.015217139380667892,1.4337791559222532,0.9043050667548768
990,-0.85831672302203,-0.8232732953116416,-0.6867347739856295,-0.7270438212750235,0.9043050667548768
991,-0.10460366115509205,-0.27336780467910626,-0.4628955624506423,-0.7270438212750235,0.9043050667548768
992,-0.5756743248219283,0.16655658782692204,-0.5188553653343891,0.3533676673236149,-1.1058215161710052
993,-0.481460192088561,-1.4831598840706839,0.43246128368930653,-0.7270438212750235,-1.1058215161710052
994,-0.3872460593551938,1.7612825106612746,-0.9105739855206167,-0.7270438212750235,0.9043050667548768
995,1.6854648607788856,-0.49333000093212037,0.6563004952242937,0.3533676673236149,0.9043050667548768
996,-0.5756743248219283,0.22154713689017558,-0.7426945768693763,-0.7270438212750235,-1.1058215161710052
997,-0.29303192662182653,1.4313392162817533,-0.7426945768693763,1.4337791559222532,0.9043050667548768
998,-0.6698884575552955,0.991414823775725,-1.0224935912881103,-0.7270438212750235,0.9043050667548768
1000,-0.1988177938884593,0.6064809803329503,-0.2950161537994019,-0.7270438212750235,-1.1058215161710052
